all_Codons,Anticodon_mapping,Anticodon rule applied,Codon,Amino_acid,Obs_freq,RSCU
AAA,TTT,1,AAA,K,255487,0.611
AAC,GTT,1,AAC,N,391637,1.081
AAG,CTT,1,AAG,K,581101,1.389
AAT,GTT,5,AAT,N,333248,0.919
ACA,TGT,1,ACA,T,185219,0.823
ACC,AGT,5,ACC,T,329204,1.463
ACG,CGT,1,ACG,T,226863,1.008
ACT,AGT,5,ACT,T,158547,0.705
AGA,TCT,1,AGA,R,81117,0.923
AGC,GCT,1,AGC,S,320921,1.26
AGG,CCT,1,AGG,R,94725,1.077
AGT,GCT,5,AGT,S,188452,0.74
ATA,TAT,1,ATA,I,146853,0.602
ATC,AAT,5,ATC,I,332618,1.362
ATG,CAT,1,ATG,M,342047,1
ATT,AAT,1,ATT,I,252952,1.036
CAA,TTG,1,CAA,Q,262098,0.628
CAC,GTG,1,CAC,H,239658,1.182
CAG,CTG,1,CAG,Q,572965,1.372
CAT,GTG,5,CAT,H,165773,0.818
CCA,TGG,1,CCA,P,231442,1.046
CCC,AGG,5,CCC,P,282409,1.276
CCG,CGG,1,CCG,P,253622,1.146
CCT,AGG,1,CCT,P,117763,0.532
CGA,TCG,1,CGA,R,132711,0.802
CGC,ACG,5,CGC,R,269214,1.627
CGG,TCG,5,CGG,R,123682,0.747
CGT,ACG,1,CGT,R,136460,0.824
CTA,TAG,1,CTA,L,124981,0.491
CTC,AAG,5,CTC,L,202938,0.797
CTG,CAG,1,CTG,L,556661,2.186
CTT,AAG,1,CTT,L,134220,0.527
GAA,TTC,1,GAA,E,349810,0.699
GAC,GTC,1,GAC,D,363673,0.916
GAG,CTC,1,GAG,E,650660,1.301
GAT,GTC,5,GAT,D,430254,1.084
GCA,TGC,1,GCA,A,202726,0.715
GCC,AGC,5,GCC,A,497089,1.752
GCG,CGC,1,GCG,A,213375,0.752
GCT,AGC,1,GCT,A,221543,0.781
GGA,TCC,1,GGA,G,276573,1.166
GGC,GCC,1,GGC,G,396003,1.669
GGG,TCC,5,GGG,G,70085,0.295
GGT,GCC,5,GGT,G,206292,0.87
GTA,TAC,1,GTA,V,102121,0.456
GTC,AAC,5,GTC,V,205836,0.92
GTG,CAC,1,GTG,V,410706,1.836
GTT,AAC,1,GTT,V,176218,0.788
TAC,GTA,1,TAC,Y,262901,1.23
TAT,GTA,5,TAT,Y,164657,0.77
TCA,TGA,1,TCA,S,132623,0.653
TCC,AGA,5,TCC,S,300808,1.481
TCG,CGA,1,TCG,S,264980,1.305
TCT,AGA,1,TCT,S,114028,0.561
TGC,GCA,1,TGC,C,203605,1.371
TGG,CCA,1,TGG,W,140760,1
TGT,GCA,5,TGT,C,93358,0.629
TTA,TAA,1,TTA,L,72134,0.457
TTC,GAA,1,TTC,F,310149,1.233
TTG,CAA,1,TTG,L,243237,1.543
TTT,GAA,5,TTT,F,193036,0.767
